Movie Name,URL
C/o Kancharapalem,
Jersey,
Mayabazar,
Sita Ramam,
Nuvvu Naaku Nachchav,
Agent Sai Srinivasa Athreya,
Aha Naa Pellanta,
Mahanati,
Aa Naluguru,
Baahubali 2: The Conclusion,
Bommarillu,
Pelli Choopulu,
Hi Nanna,
Rangasthalam,
Sankarabharanam,
Manmadhudu,
Athadu,
Mathu Vadalara,
Kshanam,
Evaru,
Drushyam,
Vedam,
Aditya 369,
Gamyam,
Prasthanam,
Baahubali: The Beginning,
Geethanjali,
Tholi Prema,
Arjun Reddy,
Shiva,
Oopiri,
Pokiri,
Leader,
Brochevaruevarura,
Okkadu,
Manam,
Happy Days,
RRR,
Khushi,
Goodachari,
Colour Photo,
Arya,
Kick,
Ee Nagaraniki Emaindi,
Anand,
Eega,
Nuvvostanante Nenoddantana,
Magadheera,
Malliswari,
Cinemabandi,
